ID,LPAR,RPAR,LBRACE,RBRACE,COMMA,RETURN,SEMI,IF,ELSE,WHILE,OR,AND,EQ,NEQ,LT,GT,LE,GE,PLUS,MINUS,TIMES,DIVIDE,NOT,TRUE,FALSE,NUMBER,$,S',Program,Function,Params,Body,StmtList,Stmt,StmtReturn,StmtIf,StmtWhile,StmtExpr,Block,Expr,ExprOr,ExprAnd,ExprEq,ExprAdd,ExprMul,ExprUnary,ExprPrimary,FuncArgs
r3,r3,,,,,,,,,,,,,,,,,,,r3,,,r3,r3,r3,r3,r3,,s1,,,,,,,,,,,,,,,,,,,
s4,s18,,,,,,,,,,,,,,,,,,,s13,,,s12,s15,s16,s17,r0,,,s2,,,,,,,,s3,,s5,s6,s7,s8,s9,s10,s11,s14,
r1,r1,,,,,,,,,,,,,,,,,,,r1,,,r1,r1,r1,r1,r1,,,,,,,,,,,,,,,,,,,,,
r2,r2,,,,,,,,,,,,,,,,,,,r2,,,r2,r2,r2,r2,r2,,,,,,,,,,,,,,,,,,,,,
,s19,,,,,,r46,,,,r46,r46,r46,r46,r46,r46,r46,r46,r46,r46,r46,r46,,,,,,,,,,,,,,,,,,,,,,,,,,
,,,,,,,s20,,,,,,,,,,,,,,,,,,,,,,,,,,,,,,,,,,,,,,,,,
,,,,,,,r22,,,,s21,,,,,,,,,,,,,,,,,,,,,,,,,,,,,,,,,,,,,
,,,,,,,r24,,,,r24,s22,,,,,,,,,,,,,,,,,,,,,,,,,,,,,,,,,,,,
,,,,,,,r26,,,,r26,r26,s23,s24,s25,s26,s27,s28,,,,,,,,,,,,,,,,,,,,,,,,,,,,,,
,,,,,,,r33,,,,r33,r33,r33,r33,r33,r33,r33,r33,s29,s30,,,,,,,,,,,,,,,,,,,,,,,,,,,,
,,,,,,,r36,,,,r36,r36,r36,r36,r36,r36,r36,r36,r36,r36,s31,s32,,,,,,,,,,,,,,,,,,,,,,,,,,
,,,,,,,r39,,,,r39,r39,r39,r39,r39,r39,r39,r39,r39,r39,r39,r39,,,,,,,,,,,,,,,,,,,,,,,,,,
s34,s18,,,,,,,,,,,,,,,,,,,s13,,,s12,s15,s16,s17,,,,,,,,,,,,,,,,,,,,s33,s14,
s34,s18,,,,,,,,,,,,,,,,,,,s13,,,s12,s15,s16,s17,,,,,,,,,,,,,,,,,,,,s35,s14,
,,,,,,,r42,,,,r42,r42,r42,r42,r42,r42,r42,r42,r42,r42,r42,r42,,,,,,,,,,,,,,,,,,,,,,,,,,
,,,,,,,r43,,,,r43,r43,r43,r43,r43,r43,r43,r43,r43,r43,r43,r43,,,,,,,,,,,,,,,,,,,,,,,,,,
,,,,,,,r44,,,,r44,r44,r44,r44,r44,r44,r44,r44,r44,r44,r44,r44,,,,,,,,,,,,,,,,,,,,,,,,,,
,,,,,,,r45,,,,r45,r45,r45,r45,r45,r45,r45,r45,r45,r45,r45,r45,,,,,,,,,,,,,,,,,,,,,,,,,,
s49,s50,,,,,,,,,,,,,,,,,,,s44,,,s43,s46,s47,s48,,,,,,,,,,,,,,s36,s37,s38,s39,s40,s41,s42,s45,
s53,s67,r7,,,,,,,,,,,,,,,,,,s62,,,s61,s64,s65,s66,,,,,s51,,,,,,,,,s54,s55,s56,s57,s58,s59,s60,s63,s52
r20,r20,,,,,,,,,,,,,,,,,,,r20,,,r20,r20,r20,r20,r20,,,,,,,,,,,,,,,,,,,,,
s34,s18,,,,,,,,,,,,,,,,,,,s13,,,s12,s15,s16,s17,,,,,,,,,,,,,,,,s68,s8,s9,s10,s11,s14,
s34,s18,,,,,,,,,,,,,,,,,,,s13,,,s12,s15,s16,s17,,,,,,,,,,,,,,,,,s69,s9,s10,s11,s14,
s34,s18,,,,,,,,,,,,,,,,,,,s13,,,s12,s15,s16,s17,,,,,,,,,,,,,,,,,,s70,s10,s11,s14,
s34,s18,,,,,,,,,,,,,,,,,,,s13,,,s12,s15,s16,s17,,,,,,,,,,,,,,,,,,s71,s10,s11,s14,
s34,s18,,,,,,,,,,,,,,,,,,,s13,,,s12,s15,s16,s17,,,,,,,,,,,,,,,,,,s72,s10,s11,s14,
s34,s18,,,,,,,,,,,,,,,,,,,s13,,,s12,s15,s16,s17,,,,,,,,,,,,,,,,,,s73,s10,s11,s14,
s34,s18,,,,,,,,,,,,,,,,,,,s13,,,s12,s15,s16,s17,,,,,,,,,,,,,,,,,,s74,s10,s11,s14,
s34,s18,,,,,,,,,,,,,,,,,,,s13,,,s12,s15,s16,s17,,,,,,,,,,,,,,,,,,s75,s10,s11,s14,
s34,s18,,,,,,,,,,,,,,,,,,,s13,,,s12,s15,s16,s17,,,,,,,,,,,,,,,,,,,s76,s11,s14,
s34,s18,,,,,,,,,,,,,,,,,,,s13,,,s12,s15,s16,s17,,,,,,,,,,,,,,,,,,,s77,s11,s14,
s34,s18,,,,,,,,,,,,,,,,,,,s13,,,s12,s15,s16,s17,,,,,,,,,,,,,,,,,,,,s78,s14,
s34,s18,,,,,,,,,,,,,,,,,,,s13,,,s12,s15,s16,s17,,,,,,,,,,,,,,,,,,,,s79,s14,
,,,,,,,r40,,,,r40,r40,r40,r40,r40,r40,r40,r40,r40,r40,r40,r40,,,,,,,,,,,,,,,,,,,,,,,,,,
,s80,,,,,,r46,,,,r46,r46,r46,r46,r46,r46,r46,r46,r46,r46,r46,r46,,,,,,,,,,,,,,,,,,,,,,,,,,
,,,,,,,r41,,,,r41,r41,r41,r41,r41,r41,r41,r41,r41,r41,r41,r41,,,,,,,,,,,,,,,,,,,,,,,,,,
,,s81,,,,,,,,,,,,,,,,,,,,,,,,,,,,,,,,,,,,,,,,,,,,,,
,,r22,,,,,,,,,s82,,,,,,,,,,,,,,,,,,,,,,,,,,,,,,,,,,,,,
,,r24,,,,,,,,,r24,s83,,,,,,,,,,,,,,,,,,,,,,,,,,,,,,,,,,,,
,,r26,,,,,,,,,r26,r26,s84,s85,s86,s87,s88,s89,,,,,,,,,,,,,,,,,,,,,,,,,,,,,,
,,r33,,,,,,,,,r33,r33,r33,r33,r33,r33,r33,r33,s90,s91,,,,,,,,,,,,,,,,,,,,,,,,,,,,
,,r36,,,,,,,,,r36,r36,r36,r36,r36,r36,r36,r36,r36,r36,s92,s93,,,,,,,,,,,,,,,,,,,,,,,,,,
,,r39,,,,,,,,,r39,r39,r39,r39,r39,r39,r39,r39,r39,r39,r39,r39,,,,,,,,,,,,,,,,,,,,,,,,,,
s49,s50,,,,,,,,,,,,,,,,,,,s44,,,s43,s46,s47,s48,,,,,,,,,,,,,,,,,,,,s94,s45,
s49,s50,,,,,,,,,,,,,,,,,,,s44,,,s43,s46,s47,s48,,,,,,,,,,,,,,,,,,,,s95,s45,
,,r42,,,,,,,,,r42,r42,r42,r42,r42,r42,r42,r42,r42,r42,r42,r42,,,,,,,,,,,,,,,,,,,,,,,,,,
,,r43,,,,,,,,,r43,r43,r43,r43,r43,r43,r43,r43,r43,r43,r43,r43,,,,,,,,,,,,,,,,,,,,,,,,,,
,,r44,,,,,,,,,r44,r44,r44,r44,r44,r44,r44,r44,r44,r44,r44,r44,,,,,,,,,,,,,,,,,,,,,,,,,,
,,r45,,,,,,,,,r45,r45,r45,r45,r45,r45,r45,r45,r45,r45,r45,r45,,,,,,,,,,,,,,,,,,,,,,,,,,
,s96,r46,,,,,,,,,r46,r46,r46,r46,r46,r46,r46,r46,r46,r46,r46,r46,,,,,,,,,,,,,,,,,,,,,,,,,,
s49,s50,,,,,,,,,,,,,,,,,,,s44,,,s43,s46,s47,s48,,,,,,,,,,,,,,s97,s37,s38,s39,s40,s41,s42,s45,
,,s98,,,,,,,,,,,,,,,,,,,,,,,,,,,,,,,,,,,,,,,,,,,,,,
,,s99,,,,,,,,,,,,,,,,,,,,,,,,,,,,,,,,,,,,,,,,,,,,,,
,s101,r6,,,s100,,,,,,r46,r46,r46,r46,r46,r46,r46,r46,r46,r46,r46,r46,,,,,,,,,,,,,,,,,,,,,,,,,,
,,r50,,,s102,,,,,,,,,,,,,,,,,,,,,,,,,,,,,,,,,,,,,,,,,,,
,,r22,,,r22,,,,,,s103,,,,,,,,,,,,,,,,,,,,,,,,,,,,,,,,,,,,,
,,r24,,,r24,,,,,,r24,s104,,,,,,,,,,,,,,,,,,,,,,,,,,,,,,,,,,,,
,,r26,,,r26,,,,,,r26,r26,s105,s106,s107,s108,s109,s110,,,,,,,,,,,,,,,,,,,,,,,,,,,,,,
,,r33,,,r33,,,,,,r33,r33,r33,r33,r33,r33,r33,r33,s111,s112,,,,,,,,,,,,,,,,,,,,,,,,,,,,
,,r36,,,r36,,,,,,r36,r36,r36,r36,r36,r36,r36,r36,r36,r36,s113,s114,,,,,,,,,,,,,,,,,,,,,,,,,,
,,r39,,,r39,,,,,,r39,r39,r39,r39,r39,r39,r39,r39,r39,r39,r39,r39,,,,,,,,,,,,,,,,,,,,,,,,,,
s116,s67,,,,,,,,,,,,,,,,,,,s62,,,s61,s64,s65,s66,,,,,,,,,,,,,,,,,,,,s115,s63,
s116,s67,,,,,,,,,,,,,,,,,,,s62,,,s61,s64,s65,s66,,,,,,,,,,,,,,,,,,,,s117,s63,
,,r42,,,r42,,,,,,r42,r42,r42,r42,r42,r42,r42,r42,r42,r42,r42,r42,,,,,,,,,,,,,,,,,,,,,,,,,,
,,r43,,,r43,,,,,,r43,r43,r43,r43,r43,r43,r43,r43,r43,r43,r43,r43,,,,,,,,,,,,,,,,,,,,,,,,,,
,,r44,,,r44,,,,,,r44,r44,r44,r44,r44,r44,r44,r44,r44,r44,r44,r44,,,,,,,,,,,,,,,,,,,,,,,,,,
,,r45,,,r45,,,,,,r45,r45,r45,r45,r45,r45,r45,r45,r45,r45,r45,r45,,,,,,,,,,,,,,,,,,,,,,,,,,
s49,s50,,,,,,,,,,,,,,,,,,,s44,,,s43,s46,s47,s48,,,,,,,,,,,,,,s118,s37,s38,s39,s40,s41,s42,s45,
,,,,,,,r23,,,,r23,s22,,,,,,,,,,,,,,,,,,,,,,,,,,,,,,,,,,,,
,,,,,,,r25,,,,r25,r25,s23,s24,s25,s26,s27,s28,,,,,,,,,,,,,,,,,,,,,,,,,,,,,,
,,,,,,,r27,,,,r27,r27,r27,r27,r27,r27,r27,r27,s29,s30,,,,,,,,,,,,,,,,,,,,,,,,,,,,
,,,,,,,r28,,,,r28,r28,r28,r28,r28,r28,r28,r28,s29,s30,,,,,,,,,,,,,,,,,,,,,,,,,,,,
,,,,,,,r29,,,,r29,r29,r29,r29,r29,r29,r29,r29,s29,s30,,,,,,,,,,,,,,,,,,,,,,,,,,,,
,,,,,,,r30,,,,r30,r30,r30,r30,r30,r30,r30,r30,s29,s30,,,,,,,,,,,,,,,,,,,,,,,,,,,,
,,,,,,,r31,,,,r31,r31,r31,r31,r31,r31,r31,r31,s29,s30,,,,,,,,,,,,,,,,,,,,,,,,,,,,
,,,,,,,r32,,,,r32,r32,r32,r32,r32,r32,r32,r32,s29,s30,,,,,,,,,,,,,,,,,,,,,,,,,,,,
,,,,,,,r34,,,,r34,r34,r34,r34,r34,r34,r34,r34,r34,r34,s31,s32,,,,,,,,,,,,,,,,,,,,,,,,,,
,,,,,,,r35,,,,r35,r35,r35,r35,r35,r35,r35,r35,r35,r35,s31,s32,,,,,,,,,,,,,,,,,,,,,,,,,,
,,,,,,,r37,,,,r37,r37,r37,r37,r37,r37,r37,r37,r37,r37,r37,r37,,,,,,,,,,,,,,,,,,,,,,,,,,
,,,,,,,r38,,,,r38,r38,r38,r38,r38,r38,r38,r38,r38,r38,r38,r38,,,,,,,,,,,,,,,,,,,,,,,,,,
s116,s67,r51,,,,,,,,,,,,,,,,,,s62,,,s61,s64,s65,s66,,,,,,,,,,,,,,s54,s55,s56,s57,s58,s59,s60,s63,s52
,,,,,,,r48,,,,r48,r48,r48,r48,r48,r48,r48,r48,r48,r48,r48,r48,,,,,,,,,,,,,,,,,,,,,,,,,,
s49,s50,,,,,,,,,,,,,,,,,,,s44,,,s43,s46,s47,s48,,,,,,,,,,,,,,,,s119,s39,s40,s41,s42,s45,
s49,s50,,,,,,,,,,,,,,,,,,,s44,,,s43,s46,s47,s48,,,,,,,,,,,,,,,,,s120,s40,s41,s42,s45,
s49,s50,,,,,,,,,,,,,,,,,,,s44,,,s43,s46,s47,s48,,,,,,,,,,,,,,,,,,s121,s41,s42,s45,
s49,s50,,,,,,,,,,,,,,,,,,,s44,,,s43,s46,s47,s48,,,,,,,,,,,,,,,,,,s122,s41,s42,s45,
s49,s50,,,,,,,,,,,,,,,,,,,s44,,,s43,s46,s47,s48,,,,,,,,,,,,,,,,,,s123,s41,s42,s45,
s49,s50,,,,,,,,,,,,,,,,,,,s44,,,s43,s46,s47,s48,,,,,,,,,,,,,,,,,,s124,s41,s42,s45,
s49,s50,,,,,,,,,,,,,,,,,,,s44,,,s43,s46,s47,s48,,,,,,,,,,,,,,,,,,s125,s41,s42,s45,
s49,s50,,,,,,,,,,,,,,,,,,,s44,,,s43,s46,s47,s48,,,,,,,,,,,,,,,,,,s126,s41,s42,s45,
s49,s50,,,,,,,,,,,,,,,,,,,s44,,,s43,s46,s47,s48,,,,,,,,,,,,,,,,,,,s127,s42,s45,
s49,s50,,,,,,,,,,,,,,,,,,,s44,,,s43,s46,s47,s48,,,,,,,,,,,,,,,,,,,s128,s42,s45,
s49,s50,,,,,,,,,,,,,,,,,,,s44,,,s43,s46,s47,s48,,,,,,,,,,,,,,,,,,,,s129,s45,
s49,s50,,,,,,,,,,,,,,,,,,,s44,,,s43,s46,s47,s48,,,,,,,,,,,,,,,,,,,,s130,s45,
,,r40,,,,,,,,,r40,r40,r40,r40,r40,r40,r40,r40,r40,r40,r40,r40,,,,,,,,,,,,,,,,,,,,,,,,,,
,,r41,,,,,,,,,r41,r41,r41,r41,r41,r41,r41,r41,r41,r41,r41,r41,,,,,,,,,,,,,,,,,,,,,,,,,,
s116,s67,r51,,,,,,,,,,,,,,,,,,s62,,,s61,s64,s65,s66,,,,,,,,,,,,,,s54,s55,s56,s57,s58,s59,s60,s63,s131
,,s132,,,,,,,,,,,,,,,,,,,,,,,,,,,,,,,,,,,,,,,,,,,,,,
,,,s133,,,,,,,,,,,,,,,,,,,,,,,,,,,,,,,,,,,,,,,,,,,,,
,,,,,,,r47,,,,r47,r47,r47,r47,r47,r47,r47,r47,r47,r47,r47,r47,,,,,,,,,,,,,,,,,,,,,,,,,,
s135,,r7,,,,,,,,,,,,,,,,,,,,,,,,,,,,,s134,,,,,,,,,,,,,,,,,
s116,s67,r51,,,,,,,,,,,,,,,,,,s62,,,s61,s64,s65,s66,,,,,,,,,,,,,,s54,s55,s56,s57,s58,s59,s60,s63,s136
s116,s67,r51,,,,,,,,,,,,,,,,,,s62,,,s61,s64,s65,s66,,,,,,,,,,,,,,s54,s55,s56,s57,s58,s59,s60,s63,s137
s116,s67,,,,,,,,,,,,,,,,,,,s62,,,s61,s64,s65,s66,,,,,,,,,,,,,,,,s138,s57,s58,s59,s60,s63,
s116,s67,,,,,,,,,,,,,,,,,,,s62,,,s61,s64,s65,s66,,,,,,,,,,,,,,,,,s139,s58,s59,s60,s63,
s116,s67,,,,,,,,,,,,,,,,,,,s62,,,s61,s64,s65,s66,,,,,,,,,,,,,,,,,,s140,s59,s60,s63,
s116,s67,,,,,,,,,,,,,,,,,,,s62,,,s61,s64,s65,s66,,,,,,,,,,,,,,,,,,s141,s59,s60,s63,
s116,s67,,,,,,,,,,,,,,,,,,,s62,,,s61,s64,s65,s66,,,,,,,,,,,,,,,,,,s142,s59,s60,s63,
s116,s67,,,,,,,,,,,,,,,,,,,s62,,,s61,s64,s65,s66,,,,,,,,,,,,,,,,,,s143,s59,s60,s63,
s116,s67,,,,,,,,,,,,,,,,,,,s62,,,s61,s64,s65,s66,,,,,,,,,,,,,,,,,,s144,s59,s60,s63,
s116,s67,,,,,,,,,,,,,,,,,,,s62,,,s61,s64,s65,s66,,,,,,,,,,,,,,,,,,s145,s59,s60,s63,
s116,s67,,,,,,,,,,,,,,,,,,,s62,,,s61,s64,s65,s66,,,,,,,,,,,,,,,,,,,s146,s60,s63,
s116,s67,,,,,,,,,,,,,,,,,,,s62,,,s61,s64,s65,s66,,,,,,,,,,,,,,,,,,,s147,s60,s63,
s116,s67,,,,,,,,,,,,,,,,,,,s62,,,s61,s64,s65,s66,,,,,,,,,,,,,,,,,,,,s148,s63,
s116,s67,,,,,,,,,,,,,,,,,,,s62,,,s61,s64,s65,s66,,,,,,,,,,,,,,,,,,,,s149,s63,
,,r40,,,r40,,,,,,r40,r40,r40,r40,r40,r40,r40,r40,r40,r40,r40,r40,,,,,,,,,,,,,,,,,,,,,,,,,,
,s101,r46,,,r46,,,,,,r46,r46,r46,r46,r46,r46,r46,r46,r46,r46,r46,r46,,,,,,,,,,,,,,,,,,,,,,,,,,
,,r41,,,r41,,,,,,r41,r41,r41,r41,r41,r41,r41,r41,r41,r41,r41,r41,,,,,,,,,,,,,,,,,,,,,,,,,,
,,s150,,,,,,,,,,,,,,,,,,,,,,,,,,,,,,,,,,,,,,,,,,,,,,
,,r23,,,,,,,,,r23,s83,,,,,,,,,,,,,,,,,,,,,,,,,,,,,,,,,,,,
,,r25,,,,,,,,,r25,r25,s84,s85,s86,s87,s88,s89,,,,,,,,,,,,,,,,,,,,,,,,,,,,,,
,,r27,,,,,,,,,r27,r27,r27,r27,r27,r27,r27,r27,s90,s91,,,,,,,,,,,,,,,,,,,,,,,,,,,,
,,r28,,,,,,,,,r28,r28,r28,r28,r28,r28,r28,r28,s90,s91,,,,,,,,,,,,,,,,,,,,,,,,,,,,
,,r29,,,,,,,,,r29,r29,r29,r29,r29,r29,r29,r29,s90,s91,,,,,,,,,,,,,,,,,,,,,,,,,,,,
,,r30,,,,,,,,,r30,r30,r30,r30,r30,r30,r30,r30,s90,s91,,,,,,,,,,,,,,,,,,,,,,,,,,,,
,,r31,,,,,,,,,r31,r31,r31,r31,r31,r31,r31,r31,s90,s91,,,,,,,,,,,,,,,,,,,,,,,,,,,,
,,r32,,,,,,,,,r32,r32,r32,r32,r32,r32,r32,r32,s90,s91,,,,,,,,,,,,,,,,,,,,,,,,,,,,
,,r34,,,,,,,,,r34,r34,r34,r34,r34,r34,r34,r34,r34,r34,s92,s93,,,,,,,,,,,,,,,,,,,,,,,,,,
,,r35,,,,,,,,,r35,r35,r35,r35,r35,r35,r35,r35,r35,r35,s92,s93,,,,,,,,,,,,,,,,,,,,,,,,,,
,,r37,,,,,,,,,r37,r37,r37,r37,r37,r37,r37,r37,r37,r37,r37,r37,,,,,,,,,,,,,,,,,,,,,,,,,,
,,r38,,,,,,,,,r38,r38,r38,r38,r38,r38,r38,r38,r38,r38,r38,r38,,,,,,,,,,,,,,,,,,,,,,,,,,
,,s151,,,,,,,,,,,,,,,,,,,,,,,,,,,,,,,,,,,,,,,,,,,,,,
,,r48,,,,,,,,,r48,r48,r48,r48,r48,r48,r48,r48,r48,r48,r48,r48,,,,,,,,,,,,,,,,,,,,,,,,,,
s34,s18,,s164,r10,,s160,,s161,,s162,,,,,,,,,,s13,,,s12,s15,s16,s17,,,,,,s152,s153,s154,s155,s156,s157,s158,s159,s163,s6,s7,s8,s9,s10,s11,s14,
,,r5,,,,,,,,,,,,,,,,,,,,,,,,,,,,,,,,,,,,,,,,,,,,,,
,,r6,,,s100,,,,,,,,,,,,,,,,,,,,,,,,,,,,,,,,,,,,,,,,,,,
,,s165,,,,,,,,,,,,,,,,,,,,,,,,,,,,,,,,,,,,,,,,,,,,,,
,,r49,,,,,,,,,,,,,,,,,,,,,,,,,,,,,,,,,,,,,,,,,,,,,,
,,r23,,,r23,,,,,,r23,s104,,,,,,,,,,,,,,,,,,,,,,,,,,,,,,,,,,,,
,,r25,,,r25,,,,,,r25,r25,s105,s106,s107,s108,s109,s110,,,,,,,,,,,,,,,,,,,,,,,,,,,,,,
,,r27,,,r27,,,,,,r27,r27,r27,r27,r27,r27,r27,r27,s111,s112,,,,,,,,,,,,,,,,,,,,,,,,,,,,
,,r28,,,r28,,,,,,r28,r28,r28,r28,r28,r28,r28,r28,s111,s112,,,,,,,,,,,,,,,,,,,,,,,,,,,,
,,r29,,,r29,,,,,,r29,r29,r29,r29,r29,r29,r29,r29,s111,s112,,,,,,,,,,,,,,,,,,,,,,,,,,,,
,,r30,,,r30,,,,,,r30,r30,r30,r30,r30,r30,r30,r30,s111,s112,,,,,,,,,,,,,,,,,,,,,,,,,,,,
,,r31,,,r31,,,,,,r31,r31,r31,r31,r31,r31,r31,r31,s111,s112,,,,,,,,,,,,,,,,,,,,,,,,,,,,
,,r32,,,r32,,,,,,r32,r32,r32,r32,r32,r32,r32,r32,s111,s112,,,,,,,,,,,,,,,,,,,,,,,,,,,,
,,r34,,,r34,,,,,,r34,r34,r34,r34,r34,r34,r34,r34,r34,r34,s113,s114,,,,,,,,,,,,,,,,,,,,,,,,,,
,,r35,,,r35,,,,,,r35,r35,r35,r35,r35,r35,r35,r35,r35,r35,s113,s114,,,,,,,,,,,,,,,,,,,,,,,,,,
,,r37,,,r37,,,,,,r37,r37,r37,r37,r37,r37,r37,r37,r37,r37,r37,r37,,,,,,,,,,,,,,,,,,,,,,,,,,
,,r38,,,r38,,,,,,r38,r38,r38,r38,r38,r38,r38,r38,r38,r38,r38,r38,,,,,,,,,,,,,,,,,,,,,,,,,,
,,r48,,,r48,,,,,,r48,r48,r48,r48,r48,r48,r48,r48,r48,r48,r48,r48,,,,,,,,,,,,,,,,,,,,,,,,,,
,,r47,,,,,,,,,r47,r47,r47,r47,r47,r47,r47,r47,r47,r47,r47,r47,,,,,,,,,,,,,,,,,,,,,,,,,,
,,,,s166,,,,,,,,,,,,,,,,,,,,,,,,,,,,,,,,,,,,,,,,,,,,
,,,,r8,,,,,,,,,,,,,,,,,,,,,,,,,,,,,,,,,,,,,,,,,,,,
s34,s18,,s164,r10,,s160,,s161,,s162,,,,,,,,,,s13,,,s12,s15,s16,s17,,,,,,,s167,s154,s155,s156,s157,s158,s159,s163,s6,s7,s8,s9,s10,s11,s14,
r11,r11,,r11,r11,,r11,,r11,,r11,,,,,,,,,,r11,,,r11,r11,r11,r11,,,,,,,,,,,,,,,,,,,,,,
r12,r12,,r12,r12,,r12,,r12,,r12,,,,,,,,,,r12,,,r12,r12,r12,r12,,,,,,,,,,,,,,,,,,,,,,
r13,r13,,r13,r13,,r13,,r13,,r13,,,,,,,,,,r13,,,r13,r13,r13,r13,,,,,,,,,,,,,,,,,,,,,,
r14,r14,,r14,r14,,r14,,r14,,r14,,,,,,,,,,r14,,,r14,r14,r14,r14,,,,,,,,,,,,,,,,,,,,,,
r15,r15,,r15,r15,,r15,,r15,,r15,,,,,,,,,,r15,,,r15,r15,r15,r15,,,,,,,,,,,,,,,,,,,,,,
s34,s18,,,,,,,,,,,,,,,,,,,s13,,,s12,s15,s16,s17,,,,,,,,,,,,,,s168,s6,s7,s8,s9,s10,s11,s14,
,s169,,,,,,,,,,,,,,,,,,,,,,,,,,,,,,,,,,,,,,,,,,,,,,,
,s170,,,,,,,,,,,,,,,,,,,,,,,,,,,,,,,,,,,,,,,,,,,,,,,
,,,,,,,s171,,,,,,,,,,,,,,,,,,,,,,,,,,,,,,,,,,,,,,,,,
s34,s18,,s164,r10,,s160,,s161,,s162,,,,,,,,,,s13,,,s12,s15,s16,s17,,,,,,,s172,s154,s155,s156,s157,s158,s159,s163,s6,s7,s8,s9,s10,s11,s14,
,,r47,,,r47,,,,,,r47,r47,r47,r47,r47,r47,r47,r47,r47,r47,r47,r47,,,,,,,,,,,,,,,,,,,,,,,,,,
r4,r4,,,,,,,,,,,,,,,,,,,r4,,,r4,r4,r4,r4,r4,,,,,,,,,,,,,,,,,,,,,
,,,,r9,,,,,,,,,,,,,,,,,,,,,,,,,,,,,,,,,,,,,,,,,,,,
,,,,,,,s173,,,,,,,,,,,,,,,,,,,,,,,,,,,,,,,,,,,,,,,,,
s49,s50,,,,,,,,,,,,,,,,,,,s44,,,s43,s46,s47,s48,,,,,,,,,,,,,,s174,s37,s38,s39,s40,s41,s42,s45,
s49,s50,,,,,,,,,,,,,,,,,,,s44,,,s43,s46,s47,s48,,,,,,,,,,,,,,s175,s37,s38,s39,s40,s41,s42,s45,
r20,r20,,r20,r20,,r20,,r20,,r20,,,,,,,,,,r20,,,r20,r20,r20,r20,,,,,,,,,,,,,,,,,,,,,,
,,,,s176,,,,,,,,,,,,,,,,,,,,,,,,,,,,,,,,,,,,,,,,,,,,
r16,r16,,r16,r16,,r16,,r16,,r16,,,,,,,,,,r16,,,r16,r16,r16,r16,,,,,,,,,,,,,,,,,,,,,,
,,s177,,,,,,,,,,,,,,,,,,,,,,,,,,,,,,,,,,,,,,,,,,,,,,
,,s178,,,,,,,,,,,,,,,,,,,,,,,,,,,,,,,,,,,,,,,,,,,,,,
r21,r21,,r21,r21,,r21,,r21,,r21,,,,,,,,,,r21,,,r21,r21,r21,r21,,,,,,,,,,,,,,,,,,,,,,
s34,s18,,s189,,,s185,,s186,,s187,,,,,,,,,,s13,,,s12,s15,s16,s17,,,,,,,,s179,s180,s181,s182,s183,s184,s188,s6,s7,s8,s9,s10,s11,s14,
s34,s18,,s164,,,s160,,s161,,s162,,,,,,,,,,s13,,,s12,s15,s16,s17,,,,,,,,s190,s155,s156,s157,s158,s159,s163,s6,s7,s8,s9,s10,s11,s14,
r18,r18,,r18,r18,,r18,,r18,s191,r18,,,,,,,,,,r18,,,r18,r18,r18,r18,,,,,,,,,,,,,,,,,,,,,,
r11,r11,,r11,r11,,r11,,r11,r11,r11,,,,,,,,,,r11,,,r11,r11,r11,r11,,,,,,,,,,,,,,,,,,,,,,
r12,r12,,r12,r12,,r12,,r12,r12,r12,,,,,,,,,,r12,,,r12,r12,r12,r12,,,,,,,,,,,,,,,,,,,,,,
r13,r13,,r13,r13,,r13,,r13,r13,r13,,,,,,,,,,r13,,,r13,r13,r13,r13,,,,,,,,,,,,,,,,,,,,,,
r14,r14,,r14,r14,,r14,,r14,r14,r14,,,,,,,,,,r14,,,r14,r14,r14,r14,,,,,,,,,,,,,,,,,,,,,,
r15,r15,,r15,r15,,r15,,r15,r15,r15,,,,,,,,,,r15,,,r15,r15,r15,r15,,,,,,,,,,,,,,,,,,,,,,
s34,s18,,,,,,,,,,,,,,,,,,,s13,,,s12,s15,s16,s17,,,,,,,,,,,,,,s192,s6,s7,s8,s9,s10,s11,s14,
,s193,,,,,,,,,,,,,,,,,,,,,,,,,,,,,,,,,,,,,,,,,,,,,,,
,s194,,,,,,,,,,,,,,,,,,,,,,,,,,,,,,,,,,,,,,,,,,,,,,,
,,,,,,,s195,,,,,,,,,,,,,,,,,,,,,,,,,,,,,,,,,,,,,,,,,
s34,s18,,s164,r10,,s160,,s161,,s162,,,,,,,,,,s13,,,s12,s15,s16,s17,,,,,,,s196,s154,s155,s156,s157,s158,s159,s163,s6,s7,s8,s9,s10,s11,s14,
r19,r19,,r19,r19,,r19,,r19,,r19,,,,,,,,,,r19,,,r19,r19,r19,r19,,,,,,,,,,,,,,,,,,,,,,
s34,s18,,s164,,,s160,,s161,,s162,,,,,,,,,,s13,,,s12,s15,s16,s17,,,,,,,,s197,s155,s156,s157,s158,s159,s163,s6,s7,s8,s9,s10,s11,s14,
,,,,,,,s198,,,,,,,,,,,,,,,,,,,,,,,,,,,,,,,,,,,,,,,,,
s49,s50,,,,,,,,,,,,,,,,,,,s44,,,s43,s46,s47,s48,,,,,,,,,,,,,,s199,s37,s38,s39,s40,s41,s42,s45,
s49,s50,,,,,,,,,,,,,,,,,,,s44,,,s43,s46,s47,s48,,,,,,,,,,,,,,s200,s37,s38,s39,s40,s41,s42,s45,
r20,r20,,r20,r20,,r20,,r20,r20,r20,,,,,,,,,,r20,,,r20,r20,r20,r20,,,,,,,,,,,,,,,,,,,,,,
,,,,s201,,,,,,,,,,,,,,,,,,,,,,,,,,,,,,,,,,,,,,,,,,,,
r17,r17,,r17,r17,,r17,,r17,,r17,,,,,,,,,,r17,,,r17,r17,r17,r17,,,,,,,,,,,,,,,,,,,,,,
r16,r16,,r16,r16,,r16,,r16,r16,r16,,,,,,,,,,r16,,,r16,r16,r16,r16,,,,,,,,,,,,,,,,,,,,,,
,,s202,,,,,,,,,,,,,,,,,,,,,,,,,,,,,,,,,,,,,,,,,,,,,,
,,s203,,,,,,,,,,,,,,,,,,,,,,,,,,,,,,,,,,,,,,,,,,,,,,
r21,r21,,r21,r21,,r21,,r21,r21,r21,,,,,,,,,,r21,,,r21,r21,r21,r21,,,,,,,,,,,,,,,,,,,,,,
s34,s18,,s189,,,s185,,s186,,s187,,,,,,,,,,s13,,,s12,s15,s16,s17,,,,,,,,s204,s180,s181,s182,s183,s184,s188,s6,s7,s8,s9,s10,s11,s14,
s34,s18,,s189,,,s185,,s186,,s187,,,,,,,,,,s13,,,s12,s15,s16,s17,,,,,,,,s205,s180,s181,s182,s183,s184,s188,s6,s7,s8,s9,s10,s11,s14,
r18,r18,,r18,r18,,r18,,r18,s206,r18,,,,,,,,,,r18,,,r18,r18,r18,r18,,,,,,,,,,,,,,,,,,,,,,
r19,r19,,r19,r19,,r19,,r19,r19,r19,,,,,,,,,,r19,,,r19,r19,r19,r19,,,,,,,,,,,,,,,,,,,,,,
s34,s18,,s189,,,s185,,s186,,s187,,,,,,,,,,s13,,,s12,s15,s16,s17,,,,,,,,s207,s180,s181,s182,s183,s184,s188,s6,s7,s8,s9,s10,s11,s14,
r17,r17,,r17,r17,,r17,,r17,r17,r17,,,,,,,,,,r17,,,r17,r17,r17,r17,,,,,,,,,,,,,,,,,,,,,,
